{
  "points": [
    "health",
    "finance",
    "peace"
  ],
  "likert": [
    {
      "id": "h_sleep",
      "pillar": "health",
      "text": "I sleep 7\u20138 hours consistently."
    },
    {
      "id": "h_food",
      "pillar": "health",
      "text": "I track what I eat at least weekly."
    },
    {
      "id": "h_move",
      "pillar": "health",
      "text": "I do light exercise 3+ times per week."
    },
    {
      "id": "f_budget",
      "pillar": "finance",
      "text": "I maintain a monthly budget."
    },
    {
      "id": "f_debt",
      "pillar": "finance",
      "text": "I have a clear plan to repay debt."
    },
    {
      "id": "f_invest",
      "pillar": "finance",
      "text": "I invest regularly (SIP/Index/etc.)."
    },
    {
      "id": "p_stress",
      "pillar": "peace",
      "text": "My daily stress is manageable."
    },
    {
      "id": "p_screen",
      "pillar": "peace",
      "text": "I limit screen-time before bed."
    },
    {
      "id": "p_mind",
      "pillar": "peace",
      "text": "I practice mindfulness at least 3x/week."
    }
  ]
}